{
  "version": 1,
  "author": "Alan Schipper",
  "editor": "wokwi",
  "parts": [
    {
      "type": "board-esp32-s2-devkitm-1",
      "id": "esp",
      "top": -242.07,
      "left": 473.59,
      "attrs": {}
    },
    {
      "type": "wokwi-photoresistor-sensor",
      "id": "ldr1",
      "top": 350.15,
      "left": -124.77,
      "attrs": {}
    },
    {
      "type": "wokwi-led",
      "id": "led1",
      "top": 312.56,
      "left": 297.1,
      "attrs": { "color": "red" }
    },
    {
      "type": "wokwi-led",
      "id": "led2",
      "top": 233.99,
      "left": 354.07,
      "attrs": { "color": "magenta" }
    },
    {
      "type": "wokwi-led",
      "id": "led3",
      "top": 368.18,
      "left": 281.38,
      "attrs": { "color": "blue" }
    },
    {
      "type": "wokwi-led",
      "id": "led4",
      "top": 279.31,
      "left": 324.48,
      "attrs": { "color": "limegreen" }
    },
    {
      "type": "wokwi-pushbutton",
      "id": "btn1",
      "top": 111.35,
      "left": -214.3,
      "rotate": 180,
      "attrs": { "color": "yellow" }
    },
    {
      "type": "wokwi-pushbutton",
      "id": "btn2",
      "top": 235.39,
      "left": -110.47,
      "rotate": 180,
      "attrs": { "color": "grey" }
    },
    {
      "type": "wokwi-buzzer",
      "id": "bz1",
      "top": -338.19,
      "left": -273.31,
      "attrs": { "volume": "0.1" }
    },
    {
      "type": "wokwi-resistor",
      "id": "r1",
      "top": 188.43,
      "left": 164.32,
      "attrs": { "value": "1000" }
    }
  ],
  "connections": [
    [ "esp:TX", "$serialMonitor:RX", "", [] ],
    [ "esp:RX", "$serialMonitor:TX", "", [] ],
    [ "r1:1", "led1:C", "red", [ "v0" ] ],
    [ "r1:1", "led4:C", "limegreen", [ "v0" ] ],
    [ "r1:1", "led2:C", "magenta", [ "v0" ] ],
    [ "r1:1", "led3:C", "blue", [ "v0" ] ],
    [ "btn2:2.r", "esp:9", "gray", [ "v-375.33", "h475.45", "v0.38" ] ],
    [ "ldr1:GND", "esp:GND.1", "black", [ "h0" ] ],
    [ "btn1:1.r", "esp:8", "gold", [ "h-56.87", "v-279.51" ] ],
    [ "bz1:1", "esp:GND.1", "black", [ "v0" ] ],
    [ "r1:2", "esp:GND.1", "blue", [ "v-248.26", "h224.75", "v24.27" ] ],
    [ "bz1:2", "esp:2", "green", [ "v0" ] ],
    [ "led2:A", "esp:21", "violet", [ "v-4.41", "h225.23", "v-327.95" ] ],
    [ "led4:A", "esp:26", "green", [ "v-2.34", "h277.41", "v-397.76" ] ],
    [ "led1:A", "esp:33", "red", [ "v-2.21", "h329.82", "v-450.61" ] ],
    [ "led3:A", "esp:34", "blue", [ "v-7.76", "h370.57", "v-503.46" ] ],
    [ "ldr1:AO", "esp:5", "green", [ "h64.71", "v-243.46", "h0", "v-319.74" ] ],
    [ "btn2:1.l", "esp:GND.1", "gray", [ "h94.59", "v-197.4", "h357.97", "v-1.45", "h69.53" ] ],
    [
      "ldr1:VCC",
      "esp:3V3",
      "red",
      [ "h96.5", "v84.43", "h584.18", "v-750.48", "h-244.83", "v76.23" ]
    ],
    [ "btn1:2.l", "esp:GND.1", "gold", [ "h627.27", "v-3.28" ] ]
  ]
}